cell,seed,morans_pearson,gearys_pearson,umap_mixing,marker_field_r,marker_depth_r,celltype_localization
winner,20260819,0.951161,0.917991,0.959991,-0.034692,0.054407,-0.065979
winner,20260820,0.946283,0.921328,0.965500,-0.043406,0.065910,-0.065979
winner,20260821,0.949786,0.922035,0.971454,-0.038449,0.036035,-0.065979
closest_rival,20260819,0.942758,0.929428,0.929957,-0.044805,0.046502,-0.042477
closest_rival,20260820,0.940082,0.895887,0.925356,-0.048007,0.060800,-0.049236
closest_rival,20260821,0.943683,0.919003,0.930336,-0.042558,0.068052,-0.046668
far_arm,20260819,0.827834,0.768258,0.684364,-0.037353,0.019473,-0.065979
far_arm,20260820,0.843801,0.795282,0.682187,-0.049253,0.020708,-0.065979
far_arm,20260821,0.828712,0.781759,0.674649,-0.033007,0.013920,-0.065979
